"wc","title","slug"
"57","Gelinlik","service-product-ty-c57"
"1020","Body","service-product-ty-c1020"
"1095","Kimono, Kimono Elbise","service-product-ty-c1095"
"103126","Bebek Arabası","service-product-ty-c103126"
"103688","Akülü ve Pedallı Araçlar","service-product-ty-c103688"
"103690","Pedallı Oyuncak Araba","service-product-ty-c103690"
"103691","Bahçe & Açıkhava Oyuncakları","service-product-ty-c103691"
"103694","Bebek & Aktivite Oyuncakları","service-product-ty-c103694"
"103695","Dişlik & Çıngırak","service-product-ty-c103695"
"103698","Banyo Oyuncakları","service-product-ty-c103698"
"103699","Hobi & Figür Oyuncakları","service-product-ty-c103699"
"103700","Ahşap Oyuncak","service-product-ty-c103700"
"103701","Oyun Hamuru","service-product-ty-c103701"
"103702","Diğer Oyuncaklar","service-product-ty-c103702"
"103705","Dönence, Projektör","service-product-ty-c103705"
"103707","Puset & Mama Sandalyesi Oyuncağı","service-product-ty-c103707"
"103708","Sallanan Oyuncaklar","service-product-ty-c103708"
"103709","Bebek Uyku Arkadaşı","service-product-ty-c103709"
"103712","Spor Oyuncakları","service-product-ty-c103712"
"103732","Seyahat Sistem Bebek Arabası","service-product-ty-c103732"
"103733","3 Tekerlekli Bebek Arabası & Bisiklet","service-product-ty-c103733"
"103734","İkiz Bebek Arabası","service-product-ty-c103734"
"103736","Peluş Oyuncak","service-product-ty-c103736"
"103739","Oto Koltuğu Aksesuarları","service-product-ty-c103739"
"103742","Güvenlik","service-product-ty-c103742"
"103743","Arabada Güvenlik","service-product-ty-c103743"
"103744","Kapı & Merdiven Güvenlik Kapıları","service-product-ty-c103744"
"103745","Koruyucu Tekstil","service-product-ty-c103745"
"103746","Koruyucu ve Kilit","service-product-ty-c103746"
"103747","Telsiz & Kamera & Dedektör","service-product-ty-c103747"
"103751","Bebek Odası Aksesuarları","service-product-ty-c103751"
"103818","Kutu Oyunu","service-product-ty-c103818"
"103917","Çocuk Yapboz (Puzzle)","service-product-ty-c103917"
"104191","Kostüm","service-product-ty-c104191"
"104228","Oyuncak Silah & Su Tabancası","service-product-ty-c104228"
"108327","Yapı Oyuncakları","service-product-ty-c108327"
"108775","Polo Yaka T-Shirt, Polo Yaka T-Shirt Erkek Giyim","service-product-ty-c108775"
"109715","Oyun Çadırı","service-product-ty-c109715"
"142613","İş Elbiseleri","service-product-ty-c142613"
"144038","Oyuncak Araçlar","service-product-ty-c144038"
"144040","Oyuncak Otobüs ve Minibüs","service-product-ty-c144040"
"144041","Oyuncak Kamyon ve İş Makinesi","service-product-ty-c144041"
"144042","Oyuncak Helikopter ve Uçak","service-product-ty-c144042"
"144043","Oyuncak Tren ve Demiryolu","service-product-ty-c144043"
"144044","Araç Seti","service-product-ty-c144044"
"144048","Bahçe & Dış Mekan Oyuncakları","service-product-ty-c144048"
"144049","Top Havuzu ve Top","service-product-ty-c144049"
"144050","Oyun Parkları Çocuklar İçin Eğlenceli Seçenekler!","service-product-ty-c144050"
"144051","Çocuk Salıncak ve Çocuk Tavan Salıncağı","service-product-ty-c144051"
"144052","Eğlenceli Kaydırak","service-product-ty-c144052"
"144053","Emekleme Oyuncakları","service-product-ty-c144053"
"144054","Klasik Kukla","service-product-ty-c144054"
"144055","Amigurumi Oyuncaklarla Eğlenceli Anlar","service-product-ty-c144055"
"144058","Hayvan Oyuncakları & Hayvan Figürleri","service-product-ty-c144058"
"144059","Karakter Figür Oyuncak","service-product-ty-c144059"
"144060","Diğer Figür Oyuncaklar","service-product-ty-c144060"
"144061","Sürpriz Oyuncak Figürü","service-product-ty-c144061"
"144062","Oyun Seti","service-product-ty-c144062"
"144063","Alışveriş Seti","service-product-ty-c144063"
"144065","Oyuncak Bilim Seti","service-product-ty-c144065"
"144066","Meslek Seti","service-product-ty-c144066"
"144067","Müzik Oyuncakları","service-product-ty-c144067"
"144068","Bez Bebek","service-product-ty-c144068"
"144069","Et Bebek","service-product-ty-c144069"
"144070","Model Bebek","service-product-ty-c144070"
"164080","Mama Sandalyesi Aksesuarı","service-product-ty-c164080"
"164859","Oyuncak Bebek Aksesuarları","service-product-ty-c164859"
"164866","Bebek Arabası Aksesuar","service-product-ty-c164866"
"165716","Akülü Araç Aksesuarı","service-product-ty-c165716"
"166247","Onarılmış Bebek Arabası & Puset","service-product-ty-c166247"
"166251","Onarılmış Oto Koltuğu","service-product-ty-c166251"
"166271","Oto Koltuğu ve Aksesuarları","service-product-ty-c166271"
"171237","Mama Sandalyesi ve Aksesuarları","service-product-ty-c171237"
